{
    "property": "return",
    "50": {
        "mean": -80.94385354242782,
        "variance": 124.56203994818569,
        "std": 11.160736532513688,
        "confidence_interval": [
            -84.11569976998453,
            -77.7720073148711
        ]
    },
    "100": {
        "mean": -77.54149585583077,
        "variance": 244.79573273682433,
        "std": 15.645949403498157,
        "confidence_interval": [
            -80.64599165871759,
            -74.43700005294396
        ]
    },
    "150": {
        "mean": -78.88680121951401,
        "variance": 210.9334766444517,
        "std": 14.523549037492582,
        "confidence_interval": [
            -81.23004224506299,
            -76.54356019396504
        ]
    },
    "final": {
        "mean": -78.88680121951401,
        "variance": 210.9334766444517,
        "std": 14.523549037492582,
        "confidence_interval": [
            -81.23004224506299,
            -76.54356019396504
        ]
    }
}