{
    "property": "return",
    "50": {
        "mean": -0.011680617921152674,
        "variance": 7.942480265266705e-07,
        "std": 0.0008912059394588158,
        "confidence_interval": [
            -0.011933895846745987,
            -0.01142733999555936
        ]
    },
    "100": {
        "mean": -0.011825664424204465,
        "variance": 1.0484562734989656e-06,
        "std": 0.0010239415381255736,
        "confidence_interval": [
            -0.012028836639934728,
            -0.011622492208474201
        ]
    },
    "150": {
        "mean": -0.011837146777915348,
        "variance": 1.0715547702198456e-06,
        "std": 0.0010351592970262334,
        "confidence_interval": [
            -0.012004160207381421,
            -0.011670133348449276
        ]
    },
    "final": {
        "mean": -0.011837146777915348,
        "variance": 1.0715547702198456e-06,
        "std": 0.0010351592970262334,
        "confidence_interval": [
            -0.012004160207381421,
            -0.011670133348449276
        ]
    }
}