{
    "property": "return",
    "mean": 19.37814636026603,
    "variance": 69.34379136697198,
    "std": 8.327291958792605,
    "confidence_interval": [
        18.559603832121418,
        20.19668888841064
    ]
}